subregion,nemis_pre_schools,nemis_pre_enrol,nemis_pre_pupil_per_school,nemis_pre_public_pct,nemis_pre_rural_pct,nemis_primary_schools,nemis_primary_enrol,nemis_primary_pupil_per_school,nemis_primary_public_pct,nemis_primary_rural_pct,nemis_jss_schools,nemis_jss_enrol,nemis_jss_pupil_per_school,nemis_jss_public_pct,nemis_jss_rural_pct,nemis_sss_schools,nemis_sss_enrol,nemis_sss_pupil_per_school,nemis_sss_public_pct,nemis_sss_rural_pct,nemis_total_schools,nemis_total_enrol,nemis_public_pct,nemis_rural_pct
Abia,1871.0,166771.0,91.18151995626025,47.247461250668096,72.367717797969,1866.0,353303.0,189.33708467309754,47.37406216505895,72.40085744908896,794,86122.0,109.29187817258884,32.367758186397985,69.77329974811083,430,61968.0,145.46478873239437,58.139534883720934,87.90697674418605,4961.0,668164.0,46.28220412146149,75.61221293483871
Adamawa,1392.0,127144.0,98.25656877897991,31.82471264367816,56.17816091954023,2853.0,787817.0,276.13634770417104,69.57588503329828,75.77988082719943,921,161368.0,176.55142231947482,57.32899022801303,60.15200868621064,514,116127.0,225.92801556420233,60.505836575875485,55.6420233463035,5680.0,1192456.0,54.80885612021624,61.93801844481345
Akwa Ibom,2735.0,549729.0,201.36593406593406,42.6691042047532,71.18829981718464,2735.0,1844171.0,674.5321872713972,42.6691042047532,71.18829981718464,637,337316.0,530.37106918239,40.97331240188383,62.637362637362635,615,236192.0,384.0520325203252,42.60162601626016,63.90243902439025,6722.0,2967408.0,42.2282867069126,67.22910032403054
Anambra,2986.0,255739.0,87.2531559194814,35.5324849296718,56.93235097119893,2987.0,544310.0,183.14602960969043,35.52058921995313,57.683294275192495,963,163374.0,169.65109034267914,27.206645898234683,47.87123572170301,948,135299.0,143.62951167728238,27.637130801687764,46.62447257383967,7884.0,1098722.0,31.474212712386844,52.27783838548352
Bayelsa,873.0,17966.0,26.0,14.20389461626575,36.769759450171826,1340.0,0.0,,41.04477611940299,60.223880597014926,526,0.0,,40.11406844106464,45.627376425855516,485,0.0,,43.29896907216495,44.123711340206185,3224.0,17966.0,34.66542706222458,46.686181953312115
Benue,583.0,53402.0,98.34622467771639,49.914236706689536,65.86620926243569,4705.0,576438.0,166.02476958525347,60.786397449521786,79.04357066950053,1688,135258.0,121.5256064690027,40.87677725118483,63.56635071090048,1895,48304.0,130.90514905149053,16.2532981530343,59.419525065963064,8871.0,813402.0,41.95767739010761,66.97391392719994
Cross River,2015.0,109684.0,54.433746898263024,53.20099255583126,83.8213399503722,2015.0,296968.0,147.3786600496278,53.20099255583126,83.97022332506204,700,224002.0,320.0028571428571,42.142857142857146,69.57142857142857,701,158115.0,225.55634807417974,42.0827389443652,69.6148359486448,5431.0,788769.0,47.656895299721214,76.7444569488769
Delta,1136.0,55523.0,77.54608938547486,97.79929577464789,76.32042253521126,1153.0,336335.0,296.85348631950575,97.74501300954033,76.4093668690373,1216,208603.0,173.69109075770191,35.36184210526316,59.375,540,46924.0,89.72084130019121,2.7777777777777777,24.62962962962963,4045.0,647385.0,58.420982166807285,59.18360475846954
Ebonyi,,,,,,,,,,,334,62444.0,186.95808383233532,0.0,77.24550898203593,382,72749.0,190.44240837696336,60.73298429319372,85.07853403141361,716.0,135193.0,30.36649214659686,81.16202150672477
Edo,1663.0,148021.0,89.16927710843373,44.25736620565244,63.01864101022249,2069.0,322480.0,157.23061921014138,51.03914934751087,68.19719671338811,1115,149228.0,134.1978417266187,27.982062780269057,54.529147982062774,861,94858.0,110.3,27.293844367015097,58.30429732868757,5708.0,714587.0,37.64310567511187,61.012320758590235
Ekiti,1467.0,96548.0,70.31900946831755,61.62235855487389,30.40218132242672,1239.0,252203.0,219.49782419495213,73.36561743341404,33.89830508474576,351,55519.0,222.076,51.28205128205128,36.182336182336186,252,45236.0,228.46464646464648,65.87301587301587,40.476190476190474,3309.0,449506.0,63.03576078583877,35.239753266424785
Enugu,3731.0,228441.0,61.22782095952827,30.0187617260788,73.30474403645135,3963.0,483319.0,121.95786020691395,30.481958112541,74.79182437547313,1021,147341.0,144.31047992164545,28.89324191968658,76.29774730656219,937,127767.0,136.35752401280683,31.270010672358588,77.6947705442903,9652.0,986868.0,30.16599310766624,75.52227156569424
Federal Capital Territory,706.0,71067.0,100.66147308781869,58.21529745042493,51.98300283286119,1483.0,448581.0,307.2472602739726,80.24275118004046,73.97167902899528,353,154992.0,449.25217391304346,49.57507082152974,44.759206798866856,194,93617.0,508.7880434782609,45.876288659793815,38.659793814432994,2736.0,768257.0,58.477352027947234,52.34342061878908
Gombe,819.0,71298.0,87.80541871921183,40.78144078144078,57.02075702075702,2101.0,610518.0,291.13876967095854,73.58400761542123,80.29509757258448,635,126432.0,199.41955835962145,55.59055118110236,61.732283464566926,314,89196.0,285.88461538461536,44.904458598726116,50.63694267515923,3869.0,897444.0,53.71511454417262,62.42127018326691
Imo,2808.0,475391.88,176.2669187986652,45.4059829059829,82.08689458689459,2808.0,1806339.2,656.8506181818183,45.4059829059829,82.3005698005698,711,486506.2,690.0797163120568,42.616033755274266,74.1209563994374,708,457603.4,652.7865905848788,42.51412429378531,74.29378531073446,7035.0,3225840.68,43.985530965256345,78.20055152440906
Jigawa,2165.0,186316.0,93.11144427786107,89.56120092378754,79.12240184757505,3679.0,1095399.0,297.74368034792064,67.62707257406903,79.17912476216364,641,178059.0,283.0826709062003,88.9235569422777,64.89859594383776,269,125657.0,494.71259842519686,80.29739776951673,39.03345724907063,6754.0,1585431.0,81.60230705241275,65.55839495066176
Kano,4603.0,517562.0,112.56241844280122,81.42515750597437,57.59287421247012,7543.0,3334539.0,442.07066154050113,87.19342436696274,63.383269256264086,1630,470275.0,289.57820197044333,61.963190184049076,53.19018404907976,1003,300525.0,299.6261216350947,61.016949152542374,50.04985044865404,14779.0,4622901.0,72.89968030238214,56.054044491617
Katsina,2532.0,294705.0,116.39218009478672,79.2259083728278,74.80252764612955,3335.0,2137905.0,641.0509745127437,84.25787106446776,80.02998500749625,637,386397.0,607.5424528301887,50.39246467817896,56.828885400313965,421,248999.0,591.4465558194775,58.432304038004744,55.819477434679335,6925.0,3068006.0,68.07713703836981,66.87021887215478
Kebbi,678.0,54956.0,102.7214953271028,68.73156342182891,55.604719764011804,2100.0,606607.0,289.1358436606292,87.38095238095238,80.80952380952381,383,166029.0,434.630890052356,67.62402088772846,51.43603133159269,259,111709.0,434.6653696498054,66.40926640926641,42.857142857142854,3420.0,939301.0,72.53645077494404,57.67685444056779
Kogi,1033.0,52149.0,50.82748538011696,24.298160696999034,57.30880929332043,2811.0,335254.0,124.39851576994434,72.28744219139097,74.17289220917823,881,76451.0,87.67316513761467,60.38592508513053,67.19636776390465,519,54831.0,106.6750972762646,53.75722543352601,70.71290944123314,5244.0,518685.0,52.68218835176163,67.34774467690912
Kwara,2022.0,108760.0,53.84158415841584,44.65875370919881,45.153313550939664,2691.0,270038.0,100.49795310755489,58.71423262727611,58.60274990709773,854,129733.0,152.80683156654888,55.97189695550351,42.50585480093677,639,101356.0,159.36477987421384,58.84194053208138,43.66197183098591,6206.0,609887.0,54.54670595601495,47.48097252249002
Lagos,1015.0,58911.0,59.74746450304259,100.0,18.226600985221676,1015.0,389568.0,384.18934911242604,100.0,28.177339901477833,353,374717.0,1067.5698005698005,100.0,17.847025495750707,328,255567.0,779.1676829268292,100.0,21.036585365853657,2711.0,1078763.0,100.0,21.321887937075967
Nasarawa,1817.0,142913.0,78.82680639823496,11.282333516785911,50.79801871216291,3017.0,458003.0,157.28125,46.43685780576732,67.51740139211137,1037,117378.0,114.73900293255132,38.1870781099325,51.97685631629702,943,79798.0,85.0724946695096,32.0254506892895,49.73488865323436,6814.0,798092.0,31.982930030443807,55.00679126845141
Niger,1768.0,160718.0,91.00679501698754,37.2737556561086,53.959276018099544,4547.0,931404.0,204.92937293729372,64.98790411260171,78.22740268308776,942,207971.0,220.776008492569,41.082802547770704,54.35244161358811,524,166149.0,317.07824427480915,46.56488549618321,51.717557251908396,7781.0,1466242.0,47.47733695316606,59.56416939167095
Ogun,4709.0,199115.0,45.75252757352941,30.452325334465918,45.678488001698874,4709.0,635065.0,137.0446698316789,30.452325334465918,45.678488001698874,1377,362551.0,264.0575382374363,24.618736383442265,49.673202614379086,1209,278456.0,275.9722497522299,14.309346567411083,45.82299421009098,12004.0,1475187.0,24.958183404946297,46.71329320696695
Ondo,3107.0,253276.0,143.41789354473386,41.42259414225941,57.38654650788541,3108.0,853577.0,482.2468926553672,41.40926640926641,57.432432432432435,789,142580.0,297.0416666666667,40.68441064638783,54.1191381495564,789,50106.0,121.91240875912409,39.79721166032953,54.1191381495564,7793.0,1299539.0,40.8283707145608,55.76431380985766
Oyo,6434.0,549101.0,85.4631906614786,36.695679204227545,35.79421821572894,6475.0,1951446.0,301.8011135168574,39.181467181467184,36.92664092664092,1844,341693.0,188.46828461114174,31.073752711496745,29.392624728850326,1551,288673.0,188.79856115107913,36.55705996131528,28.755641521598967,16304.0,3130913.0,35.876989764626686,32.717281348204786
Plateau,1439.0,117203.0,87.59566517189836,80.47255038220987,84.43363446838083,2490.0,397129.0,179.45277903298688,88.51405622489959,89.35742971887551,753,99917.0,133.04527296937417,43.559096945551126,75.1660026560425,382,39978.0,104.92913385826772,5.49738219895288,72.25130890052355,5064.0,654227.0,54.51077143790337,80.3020939359556
Rivers,3005.0,203600.0,72.14741318214033,20.399334442595674,41.663893510815306,3310.0,387219.9,122.18993373303883,29.09365558912387,46.314199395770395,1285,228075.0,212.668219944082,25.214007782101167,36.03112840466926,836,203881.0,251.39457459926018,34.569377990430624,44.85645933014354,8436.0,1022775.9,27.319093951062833,42.21642016034963
Sokoto,794.0,97949.0,123.36146095717883,73.9294710327456,59.57178841309824,2270.0,925920.0,407.8942731277533,90.70484581497797,81.85022026431719,393,139813.0,356.6658163265306,72.51908396946564,48.346055979643765,208,98534.0,473.72115384615387,63.46153846153846,42.30769230769231,3665.0,1262216.0,75.15373481968192,58.01893924118788
Taraba,842.0,73161.0,86.8895486935867,19.358669833729216,50.712589073634206,3116.0,804657.0,258.31685393258425,73.29910141206675,81.73940949935815,809,103154.0,128.4607721046077,37.20642768850433,56.36588380716935,599,76022.0,127.98316498316498,44.574290484140235,57.095158597662774,5366.0,1056994.0,43.60962235461014,61.47826024445612
Yobe,404.0,28926.0,109.15471698113207,85.64356435643565,73.01980198019803,1194.0,611892.0,512.4723618090452,91.95979899497488,79.5644891122278,243,120438.0,497.6776859504132,58.0246913580247,45.67901234567901,139,66954.0,481.68345323741005,29.496402877697843,18.705035971223023,1980.0,828210.0,66.28111439678327,54.24208485233196
Zamfara,612.0,49290.0,112.27790432801822,70.91503267973856,58.496732026143796,1798.0,625462.0,348.0589872008904,88.65406006674083,80.53392658509455,325,113636.0,356.2257053291536,54.46153846153846,36.92307692307693,266,82319.0,317.8339768339768,57.89473684210527,40.225563909774436,3001.0,870707.0,67.98134201253077,54.044824861022434
